	chromosome	position	puntative_genotype	posterior_probability	n_reads
0	chr1:1000000-2000000	172741	AA	1.0967435638416865e-09	4
1	chr1:1000000-2000000	172741	AT	0.9999999989032564	4
2	chr1:1000000-2000000	172741	TT	2.4730717258157894e-33	4
3	chr1:1000000-2000000	325026	CC	5.865619630990891e-09	5
4	chr1:1000000-2000000	325026	CG	0.9999999941343803	5
5	chr1:1000000-2000000	325026	GG	1.4628395792102735e-24	5
6	chr1:1000000-2000000	375797	AA	2.335303231688142e-06	2
7	chr1:1000000-2000000	375797	AT	0.9999976646967681	2
8	chr1:1000000-2000000	375797	TT	3.235833712960015e-16	2
9	chr1:1000000-2000000	423797	TT	0.8757401701783507	5
10	chr1:1000000-2000000	423797	TA	0.12425982982164925	5
11	chr1:1000000-2000000	423797	AA	3.5793845311978616e-31	5
12	chr1:1000000-2000000	518726	CC	0.04753058152211618	3
13	chr1:1000000-2000000	518726	CG	0.9524694184778838	3
14	chr1:1000000-2000000	518726	GG	8.712751478134522e-31	3
15	chr1:1000000-2000000	568632	AA	0.01531715121846235	2
16	chr1:1000000-2000000	568632	AT	0.9846828487815376	2
17	chr1:1000000-2000000	568632	TT	1.0619429871302334e-18	2
18	chr1:1000000-2000000	868896	TT	2.478971110642201e-14	5
19	chr1:1000000-2000000	868896	TA	0.9999999999999691	5
20	chr1:1000000-2000000	868896	AA	6.1950960829107e-15	5
