	chromosome	position	puntative_genotype	posterior_probability	n_reads
0	chr1:1000000-2000000	172741	AT	0.9999999989032564	4
1	chr1:1000000-2000000	325026	CG	0.9999999941343803	5
2	chr1:1000000-2000000	375797	AT	0.9999976646967681	2
3	chr1:1000000-2000000	423797	TT	0.8757401701783507	5
4	chr1:1000000-2000000	518726	CG	0.9524694184778838	3
5	chr1:1000000-2000000	568632	AT	0.9846828487815376	2
6	chr1:1000000-2000000	868896	TA	0.9999999999999691	5
